,Unnamed: 0,NR_TURNO,NM_MUNICIPIO,CD_CARGO_PERGUNTA,NM_VOTAVEL,QT_VOTOS
0,0,1,FORTALEZA,11,HEITOR FÉRRER,63199
1,1,1,FORTALEZA,11,SARTO,457622
2,2,1,FORTALEZA,11,PAULA COLARES,893
3,3,1,FORTALEZA,11,Nulo,92295
4,4,1,FORTALEZA,11,RENATO ROSENO,34346
5,5,1,FORTALEZA,11,CAPITÃO WAGNER,426803
6,6,1,FORTALEZA,11,Branco,50234
7,7,1,FORTALEZA,11,HEITOR FREIRE,21210
8,8,1,FORTALEZA,11,ANIZIO,2264
9,9,1,FORTALEZA,11,CELIO STUDART,45369
10,10,1,FORTALEZA,11,LUIZIANNE LINS,227470
11,11,1,FORTALEZA,11,SAMUEL BRAGA,1749
12,12,1,FORTALEZA,11,JOSÉ LOURETO,154
13,1323,1,MARANGUAPE,11,REGIS,1933
14,1324,1,MARANGUAPE,11,ELIZIÁRIO MAIA,1290
15,1325,1,MARANGUAPE,11,ÁTILA CÂMARA,22391
16,1326,1,MARANGUAPE,11,JOAO PAULO XEREZ,21032
17,1327,1,MARANGUAPE,11,Nulo,2948
18,1328,1,MARANGUAPE,11,Branco,1370
19,1329,1,MARANGUAPE,11,GEORGE VALENTIM,14909
20,1619,1,PALMÁCIA,11,DELEGADO MOISÉS FERNANDES,2417
21,1620,1,PALMÁCIA,11,DAVID CAMPOS,4436
22,1621,1,PALMÁCIA,11,Nulo,267
23,1622,1,PALMÁCIA,11,FRANCISCO JOHN DA SILVA,593
24,1623,1,PALMÁCIA,11,Branco,96
25,1674,1,BATURITÉ,11,SEGUNDINHO,4831
26,1675,1,BATURITÉ,11,IVO JUNIOR,6251
27,1676,1,BATURITÉ,11,HERBERLH MOTA,7419
28,1677,1,BATURITÉ,11,ALBERTO RODRIGUES,29
29,1678,1,BATURITÉ,11,Nulo,873
30,1679,1,BATURITÉ,11,Branco,476
31,1680,1,BATURITÉ,11,DR MARCIO LUZ,1673
32,1793,1,MULUNGU,11,Nulo,212
33,1794,1,MULUNGU,11,RAFAEL VINHAS,2531
34,1795,1,MULUNGU,11,Branco,78
35,1796,1,MULUNGU,11,ROBERT VIANA,4365
36,1826,1,PACOTI,11,MACIEL BEZERRA,412
37,1827,1,PACOTI,11,KIKO SAMPAIO,3544
38,1828,1,PACOTI,11,DR MARCOS,4439
39,1829,1,PACOTI,11,Nulo,498
40,1830,1,PACOTI,11,Branco,100
41,1907,1,GUARAMIRANGA,11,ROBERLANDIA FERREIRA,2785
42,1908,1,GUARAMIRANGA,11,Branco,78
43,1909,1,GUARAMIRANGA,11,Nulo,178
44,1910,1,GUARAMIRANGA,11,LUIZ VIANA,2019
45,1963,1,QUIXADÁ,11,SÉRGIO ONOFRE,1892
46,1964,1,QUIXADÁ,11,RICARDO SILVEIRA,22807
47,1965,1,QUIXADÁ,11,Branco,739
48,1966,1,QUIXADÁ,11,ILÁRIO MARQUES,19428
49,1967,1,QUIXADÁ,11,CESAR AUGUSTO,756
50,1968,1,QUIXADÁ,11,Nulo,1765
51,1969,1,QUIXADÁ,11,CÍCERO FREITAS,308
52,2141,1,IBARETAMA,11,ELÍRIA QUEIROZ,3567
53,2142,1,IBARETAMA,11,CELINO JUNIOR,608
54,2143,1,IBARETAMA,11,CAUÊ FONTELES,3039
55,2144,1,IBARETAMA,11,Branco,107
56,2145,1,IBARETAMA,11,Nulo,331
57,2146,1,IBARETAMA,11,CARLIANDO ALMEIDA,2739
58,2195,1,CHORÓ,11,MARCONDES JUCÁ,4686
59,2196,1,CHORÓ,11,Nulo,258
60,2197,1,CHORÓ,11,Branco,124
61,2198,1,CHORÓ,11,CABEÇA DE CHORÓ,4023
62,2199,1,CHORÓ,11,LUIZ CARLOS,572
63,2263,1,BANABUIÚ,11,Branco,148
64,2264,1,BANABUIÚ,11,EDINHO NOBRE,7093
65,2265,1,BANABUIÚ,11,Nulo,409
66,2266,1,BANABUIÚ,11,VERIDIANO SALES,4769
67,2336,1,CASCAVEL,11,Branco,887
68,2337,1,CASCAVEL,11,LINDOMAR MONTEIRO,346
69,2338,1,CASCAVEL,11,TIAGO RIBEIRO,26071
70,2339,1,CASCAVEL,11,ZÉ DE LIMA,17811
71,2340,1,CASCAVEL,11,Nulo,2116
72,2341,1,CASCAVEL,11,ALTAITE DIAS,28
73,2455,1,PINDORETAMA,11,MILLER ROCHA,1278
74,2456,1,PINDORETAMA,11,TADEU DAS RAÇÕES,4770
75,2457,1,PINDORETAMA,11,PROFESSOR SULA,93
76,2458,1,PINDORETAMA,11,Branco,233
77,2459,1,PINDORETAMA,11,Nulo,587
78,2460,1,PINDORETAMA,11,NINO DIEB,1007
79,2461,1,PINDORETAMA,11,CLAUDINHO DO SENHORZINHO,2493
80,2462,1,PINDORETAMA,11,DEDÉ,5105
81,2567,1,ARACATI,11,Nulo,2083
82,2568,1,ARACATI,11,CAETANO NETO,19085
83,2569,1,ARACATI,11,Branco,818
84,2570,1,ARACATI,11,BISMARCK MAIA,23978
85,2700,1,FORTIM,11,Nulo,374
86,2701,1,FORTIM,11,NASELMO FERREIRA,10421
87,2702,1,FORTIM,11,PROF HILTINHO DE CASÉ,1216
88,2703,1,FORTIM,11,Branco,143
89,2730,1,ICAPUÍ,11,LACERDA,7328
90,2731,1,ICAPUÍ,11,Branco,184
91,2732,1,ICAPUÍ,11,Nulo,353
92,2733,1,ICAPUÍ,11,EURIVAN DE PAULA,5092
93,2734,1,ICAPUÍ,11,DRA SILVANA,1181
94,2735,1,ICAPUÍ,11,ODIVAN PEDRO,46
95,2784,1,PALHANO,11,ASSIS DO OÁSIS,1249
96,2785,1,PALHANO,11,Branco,71
97,2786,1,PALHANO,11,DINHO DO ZÉ DO HONÓRIO,3422
98,2787,1,PALHANO,11,BATISTA DA MARIANA,2996
99,2788,1,PALHANO,11,Nulo,165
100,2848,1,RUSSAS,11,NATHIZAEL,14913
101,2849,1,RUSSAS,11,SAVIO GURGEL,28265
102,2850,1,RUSSAS,11,Nulo,1583
103,2851,1,RUSSAS,11,Branco,507
104,2852,1,RUSSAS,11,JÚNIOR GONÇALVES,2421
105,2997,1,JAGUARIBE,11,MAJOR MARIO,2674
106,2998,1,JAGUARIBE,11,Branco,244
107,2999,1,JAGUARIBE,11,Nulo,679
108,3000,1,JAGUARIBE,11,ALEXANDRE DE ZÉ SÉRGIO,9387
109,3001,1,JAGUARIBE,11,DR. VALDERIY,245
110,3002,1,JAGUARIBE,11,VALNEI PEIXOTO,9350
111,3079,1,ERERÉ,11,Nulo,147
112,3080,1,ERERÉ,11,Branco,100
113,3081,1,ERERÉ,11,TOINHO DE LUIZÃO,732
114,3082,1,ERERÉ,11,OTONI QUEIROZ,3805
115,3107,1,PEREIRO,11,NETO ESTEVAM,7381
116,3108,1,PEREIRO,11,CLAUDIO NOGUEIRA,3666
117,3109,1,PEREIRO,11,Branco,140
118,3110,1,PEREIRO,11,Nulo,380
119,3137,1,QUIXERAMOBIM,11,SARGENTO ROGÉRIO,977
120,3138,1,QUIXERAMOBIM,11,Nulo,1561
121,3139,1,QUIXERAMOBIM,11,PEDRO COELHO,9160
122,3140,1,QUIXERAMOBIM,11,CLEBIO PAVONE,11980
123,3141,1,QUIXERAMOBIM,11,CIRILO PIMENTA,23712
124,3142,1,QUIXERAMOBIM,11,Branco,628
125,3334,1,PIQUET CARNEIRO,11,Branco,120
126,3335,1,PIQUET CARNEIRO,11,NETO,139
127,3336,1,PIQUET CARNEIRO,11,LUIZ AUGUSTO,4130
128,3337,1,PIQUET CARNEIRO,11,BISMARCK,5102
129,3338,1,PIQUET CARNEIRO,11,Nulo,344
130,3392,1,SENADOR POMPEU,11,Nulo,701
131,3393,1,SENADOR POMPEU,11,MAURÍCIO PINHEIRO,8672
132,3394,1,SENADOR POMPEU,11,TEIXEIRA,6926
133,3395,1,SENADOR POMPEU,11,ISMAEL LIMA,115
134,3396,1,SENADOR POMPEU,11,TEREZINHA MATOS,407
135,3397,1,SENADOR POMPEU,11,Branco,208
136,3458,1,IGUATU,11,DR. SAMUEL ALVES,219
137,3459,1,IGUATU,11,EDNALDO LAVOR,29103
138,3460,1,IGUATU,11,AGENOR,23136
139,3461,1,IGUATU,11,Branco,865
140,3462,1,IGUATU,11,TENENTE MULATO,539
141,3463,1,IGUATU,11,MÁCIO,554
142,3464,1,IGUATU,11,Nulo,2076
143,3465,1,IGUATU,11,CARLOS SILVA,99
144,3466,1,IGUATU,11,MARCOS SOBREIRA,261
145,3467,1,IGUATU,11,AUGUSTO CORREIA LIMA,42
146,3656,1,QUIXELÔ,11,SAMUEL ARAUJO,5413
147,3657,1,QUIXELÔ,11,ZE MATIAS,327
148,3658,1,QUIXELÔ,11,ADIL JUNIOR,5666
149,3659,1,QUIXELÔ,11,Nulo,438
150,3660,1,QUIXELÔ,11,Branco,130
151,3715,1,CEDRO,11,DR RODRIGO ARAÚJO,7538
152,3716,1,CEDRO,11,Branco,149
153,3717,1,CEDRO,11,Nulo,433
154,3718,1,CEDRO,11,NIPONICO,47
155,3719,1,CEDRO,11,BEL DE ALCIVAN,679
156,3720,1,CEDRO,11,JOÃOZINHO DE TITICO,7719
157,3780,1,LAVRAS DA MANGABEIRA,11,Nulo,767
158,3781,1,LAVRAS DA MANGABEIRA,11,RONALDO DA MADEIREIRA,9759
159,3782,1,LAVRAS DA MANGABEIRA,11,ILDSSER LOPES,7974
160,3783,1,LAVRAS DA MANGABEIRA,11,Branco,231
161,3845,1,ICÓ,11,LAÍS NUNES,20139
162,3846,1,ICÓ,11,Branco,703
163,3847,1,ICÓ,11,MARCELO TORRES,8581
164,3848,1,ICÓ,11,Nulo,1359
165,3849,1,ICÓ,11,JAIME JÚNIOR,7704
166,3850,1,ICÓ,11,WILLIAMS SARMENTO,79
167,3944,1,UMARI,11,MANOEL PARNAÍBA,172
168,3945,1,UMARI,11,SANDRO RUFINO,2777
169,3946,1,UMARI,11,ALEX BARROS,2001
170,3947,1,UMARI,11,Branco,40
171,3948,1,UMARI,11,Nulo,219
172,3979,1,ORÓS,11,Nulo,496
173,3980,1,ORÓS,11,ZÉ RUBENS,7070
174,3981,1,ORÓS,11,Branco,193
175,3982,1,ORÓS,11,LUHANNA URYA,6078
176,4030,1,MISSÃO VELHA,11,Branco,286
177,4031,1,MISSÃO VELHA,11,Nulo,837
178,4032,1,MISSÃO VELHA,11,DR LORIM,11125
179,4033,1,MISSÃO VELHA,11,DR. WASHINGTON,11748
180,4093,1,ITAPIPOCA,11,DR DAGMAURO,11666
181,4094,1,ITAPIPOCA,11,JOÃO BARROSO,27415
182,4095,1,ITAPIPOCA,11,FELIPE PINHEIRO,31760
183,4096,1,ITAPIPOCA,11,ANTÔNIO CARNEIRO,92
184,4097,1,ITAPIPOCA,11,PAULO HENRIQUE TEIXEIRA,1681
185,4098,1,ITAPIPOCA,11,Branco,1002
186,4099,1,ITAPIPOCA,11,Nulo,2731
187,4257,1,TURURU,11,HILZETE MARIM,6667
188,4258,1,TURURU,11,GUGU DO POVO,319
189,4259,1,TURURU,11,Branco,215
190,4260,1,TURURU,11,FÁTIMA GALDINO,4317
191,4261,1,TURURU,11,Nulo,424
192,4262,1,TURURU,11,REGIS DO LOISON,481
193,4321,1,ANTONINA DO NORTE,11,ITEILDO ROQUE,484
194,4322,1,ANTONINA DO NORTE,11,EDIVAN MOTA,44
195,4323,1,ANTONINA DO NORTE,11,ORLANDO RUFINO,347
196,4324,1,ANTONINA DO NORTE,11,Nulo,184
197,4325,1,ANTONINA DO NORTE,11,Branco,53
198,4326,1,ANTONINA DO NORTE,11,ANTONIO FILHO,2476
199,4327,1,ANTONINA DO NORTE,11,DR FRANCISCO,2010
200,4362,1,ASSARÉ,11,LIBORIO,7707
201,4363,1,ASSARÉ,11,EVANDERTO ALMEIDA,6914
202,4364,1,ASSARÉ,11,Branco,142
203,4365,1,ASSARÉ,11,HUMBERTO ALENCAR,224
204,4366,1,ASSARÉ,11,Nulo,537
205,4367,1,ASSARÉ,11,GILDÁRIO DE ASSARÉ,65
206,4432,1,TARRAFAS,11,ERONILDES,2848
207,4433,1,TARRAFAS,11,TAIANO,3053
208,4434,1,TARRAFAS,11,Branco,78
209,4435,1,TARRAFAS,11,Nulo,187
210,4436,1,TARRAFAS,11,CICERO PALACIO,17
211,4468,1,TAUÁ,11,SAMUEL MARQUES,155
212,4469,1,TAUÁ,11,Nulo,1537
213,4470,1,TAUÁ,11,DR EDYR,4843
214,4471,1,TAUÁ,11,PATRICIA AGUIAR,16964
215,4472,1,TAUÁ,11,AMAURI CAVALCANTE,299
216,4473,1,TAUÁ,11,FRED REGO,12136
217,4474,1,TAUÁ,11,Branco,481
218,4475,1,TAUÁ,11,RILDO DANTAS,287
219,4560,1,PARAMBU,11,PADRE MÁRCIO,6100
220,4561,1,PARAMBU,11,Nulo,678
221,4562,1,PARAMBU,11,Branco,308
222,4563,1,PARAMBU,11,ROMULO NORONHA,14522
223,4602,1,CRATEÚS,11,SARGENTO BORGES,8944
224,4603,1,CRATEÚS,11,PAULO GIOVANI,1522
225,4604,1,CRATEÚS,11,REGINALDO KARKARA,190
226,4605,1,CRATEÚS,11,Branco,1127
227,4606,1,CRATEÚS,11,Nulo,2666
228,4607,1,CRATEÚS,11,MARCELO MACHADO,30149
229,4719,1,IPAPORANGA,11,Nulo,345
230,4720,1,IPAPORANGA,11,DEDE DIOGO,3102
231,4721,1,IPAPORANGA,11,AMARO PEREIRA,4362
232,4722,1,IPAPORANGA,11,Branco,43
233,4780,1,IPU,11,ROBERIO RUFINO,14156
234,4781,1,IPU,11,Nulo,1245
235,4782,1,IPU,11,DIEGO CARLOS,8881
236,4783,1,IPU,11,DR CADU,961
237,4784,1,IPU,11,Branco,495
238,4785,1,IPU,11,PROFESSOR FLÁVIO,61
239,4865,1,PIRES FERREIRA,11,Nulo,140
240,4866,1,PIRES FERREIRA,11,DRA. LÍVIA,3690
241,4867,1,PIRES FERREIRA,11,Branco,34
242,4868,1,PIRES FERREIRA,11,JOSE AUGUSTO,2967
243,4897,1,CARNAUBAL,11,ZE WELITON,6820
244,4898,1,CARNAUBAL,11,ADEMIR MARTINS,3559
245,4899,1,CARNAUBAL,11,Nulo,373
246,4900,1,CARNAUBAL,11,Branco,98
247,4934,1,SÃO BENEDITO,11,SAUL  MACIEL,13858
248,4935,1,SÃO BENEDITO,11,Branco,827
249,4936,1,SÃO BENEDITO,11,TOTONHO LIMA,1338
250,4937,1,SÃO BENEDITO,11,HENRIQUE  SANTANA,484
251,4938,1,SÃO BENEDITO,11,Nulo,1361
252,4939,1,SÃO BENEDITO,11,DR MICHELL,10324
253,5003,1,URUBURETAMA,11,Nulo,626
254,5004,1,URUBURETAMA,11,TETÉ,3697
255,5005,1,URUBURETAMA,11,EDUARDO DAVID,4497
256,5006,1,URUBURETAMA,11,BRANCO DO ANGELIM,5575
257,5007,1,URUBURETAMA,11,Branco,226
258,5090,1,UMIRIM,11,Branco,170
259,5091,1,UMIRIM,11,FELIPE UCHÔA,6439
260,5092,1,UMIRIM,11,Nulo,441
261,5093,1,UMIRIM,11,DEDE DA AMBULANCIA,5690
262,5162,1,SÃO LUÍS DO CURU,11,Nulo,382
263,5163,1,SÃO LUÍS DO CURU,11,CHICO ABREU,4442
264,5164,1,SÃO LUÍS DO CURU,11,ADAMASTOR PACHECO,927
265,5165,1,SÃO LUÍS DO CURU,11,DOUTOR VITO,3499
266,5166,1,SÃO LUÍS DO CURU,11,RUBENS HERCULANO,122
267,5167,1,SÃO LUÍS DO CURU,11,Branco,170
268,5168,1,SÃO LUÍS DO CURU,11,PROFESSOR SATURNINO CASTRO,148
269,5245,1,ALCÂNTARAS,11,Nulo,316
270,5246,1,ALCÂNTARAS,11,JOAQUIM DO QUINCA,5251
271,5247,1,ALCÂNTARAS,11,Branco,222
272,5248,1,ALCÂNTARAS,11,ANTONIO MARCOS,1826
273,5285,1,SOBRAL,11,Nulo,5288
274,5286,1,SOBRAL,11,OSCAR RODRIGUES,45795
275,5287,1,SOBRAL,11,Branco,3868
276,5288,1,SOBRAL,11,IVO GOMES,66519
277,5462,1,MERUOCA,11,FONTELES,4281
278,5463,1,MERUOCA,11,Nulo,339
279,5464,1,MERUOCA,11,Branco,174
280,5465,1,MERUOCA,11,HERTON,5425
281,5525,1,GRANJA,11,DR. JOÃO PAULO,11528
282,5526,1,GRANJA,11,JULIANA ALDIGUERI,18499
283,5527,1,GRANJA,11,Branco,1398
284,5528,1,GRANJA,11,Nulo,2205
285,5581,1,MARTINÓPOLE,11,Nulo,183
286,5582,1,MARTINÓPOLE,11,JÚNIOR FONTENELE,4136
287,5583,1,MARTINÓPOLE,11,JAMES BEL,4149
288,5584,1,MARTINÓPOLE,11,Branco,62
289,5611,1,URUOCA,11,Branco,91
290,5612,1,URUOCA,11,KENNEDY AQUINO,5588
291,5613,1,URUOCA,11,OLIVER,3318
292,5614,1,URUOCA,11,Nulo,250
293,5641,1,ABAIARA,11,AFONSO TAVARES,3149
294,5642,1,ABAIARA,11,Branco,99
295,5643,1,ABAIARA,11,Nulo,311
296,5644,1,ABAIARA,11,PEDRO MARCOS,2584
297,5682,1,MILAGRES,11,PEPE,245
298,5683,1,MILAGRES,11,FIGUEIREDO,9282
299,5684,1,MILAGRES,11,Nulo,502
300,5685,1,MILAGRES,11,Branco,155
301,5686,1,MILAGRES,11,ABRAÃO,7744
302,5743,1,CRATO,11,ZÉ AILTON BRASIL,30898
303,5744,1,CRATO,11,Nulo,5996
304,5745,1,CRATO,11,Branco,2738
305,5746,1,CRATO,11,ARTHUR DE ZÉ ADEGA,9559
306,5747,1,CRATO,11,DOUTOR ALOISIO,17213
307,5748,1,CRATO,11,PROFESSORA ZULEIDE QUEIROZ,6956
308,6020,1,JUAZEIRO DO NORTE,11,DEMONTIEUX CINQUENTINHA,3816
309,6021,1,JUAZEIRO DO NORTE,11,NELINHO,25114
310,6022,1,JUAZEIRO DO NORTE,11,Branco,3257
311,6023,1,JUAZEIRO DO NORTE,11,GLÊDSON BEZERRA,50715
312,6024,1,JUAZEIRO DO NORTE,11,Nulo,7850
313,6025,1,JUAZEIRO DO NORTE,11,ARNON BEZERRA,48079
314,6026,1,JUAZEIRO DO NORTE,11,ANA PAULA CRUZ,5100
315,6424,1,LIMOEIRO DO NORTE,11,DR ZÉ MARIA,18465
316,6425,1,LIMOEIRO DO NORTE,11,ITALO DIOGENES,389
317,6426,1,LIMOEIRO DO NORTE,11,Nulo,1685
318,6427,1,LIMOEIRO DO NORTE,11,ROSÁLIO DANIEL,3539
319,6428,1,LIMOEIRO DO NORTE,11,RITA PEIXOTO,1197
320,6429,1,LIMOEIRO DO NORTE,11,CAÊ PESSOA,1826
321,6430,1,LIMOEIRO DO NORTE,11,MAZÉ MAIA,7327
322,6431,1,LIMOEIRO DO NORTE,11,PROF RAMERES,752
323,6432,1,LIMOEIRO DO NORTE,11,ROBERTO HOLANDA,800
324,6433,1,LIMOEIRO DO NORTE,11,Branco,999
325,6537,1,QUIXERÉ,11,TOINHO DO BANCO,8257
326,6538,1,QUIXERÉ,11,Branco,197
327,6539,1,QUIXERÉ,11,Nulo,703
328,6540,1,QUIXERÉ,11,GILBERTO SANTIAGO,5989
329,6580,1,ACARAÚ,11,Nulo,1256
330,6581,1,ACARAÚ,11,ANA FLÁVIA,18443
331,6582,1,ACARAÚ,11,AMADEU NETO,17553
332,6583,1,ACARAÚ,11,Branco,390
333,6584,1,ACARAÚ,11,SERGIO CELIO SILVA,33
334,6672,1,CRUZ,11,DEDEL SILVA,303
335,6673,1,CRUZ,11,ADAUTO MENDES,4701
336,6674,1,CRUZ,11,JONAS MUNIZ,10964
337,6675,1,CRUZ,11,Branco,312
338,6676,1,CRUZ,11,Nulo,788
339,6739,1,JIJOCA DE JERICOACOARA,11,Nulo,429
340,6740,1,JIJOCA DE JERICOACOARA,11,LINDBERGH,6841
341,6741,1,JIJOCA DE JERICOACOARA,11,Branco,152
342,6742,1,JIJOCA DE JERICOACOARA,11,ROBERTO CANUTO,2980
343,6743,1,JIJOCA DE JERICOACOARA,11,LEANDRO CESAR,3939
344,6744,1,JIJOCA DE JERICOACOARA,11,CARLOS ALBERTO,26
345,6832,1,BARBALHA,11,Nulo,1733
346,6833,1,BARBALHA,11,ARGEMIRO SAMPAIO,17040
347,6834,1,BARBALHA,11,Branco,574
348,6835,1,BARBALHA,11,DR. GUILHERME,19900
349,7000,1,CAMOCIM,11,Branco,617
350,7001,1,CAMOCIM,11,BETINHA,18253
351,7002,1,CAMOCIM,11,Nulo,1374
352,7003,1,CAMOCIM,11,EUVALDETE FERRO,18067
353,7130,1,CANINDÉ,11,Nulo,2489
354,7131,1,CANINDÉ,11,ROZÁRIO XIMENES,22234
355,7132,1,CANINDÉ,11,BERGUIM CONSTRUTOR,2039
356,7133,1,CANINDÉ,11,Branco,1314
357,7134,1,CANINDÉ,11,PROFESSOR LUIZ DAMIÃO,16739
358,7135,1,CANINDÉ,11,IRINEU DE FREITAS,619
359,7136,1,CANINDÉ,11,PADRE ADELMO,214
360,7137,1,CANINDÉ,11,HIGINO,88
361,7302,1,ITATIRA,11,Nulo,554
362,7303,1,ITATIRA,11,ICASSI,269
363,7304,1,ITATIRA,11,ZÉ DIVAL,7745
364,7305,1,ITATIRA,11,Branco,127
365,7306,1,ITATIRA,11,AIRTON LOBO VEIM,67
366,7307,1,ITATIRA,11,AFONSO MAGNO,6120
367,7365,1,VIÇOSA DO CEARÁ,11,DIVALDO SOARES,15409
368,7366,1,VIÇOSA DO CEARÁ,11,Nulo,1233
369,7367,1,VIÇOSA DO CEARÁ,11,DIEGO PASSOS,887
370,7368,1,VIÇOSA DO CEARÁ,11,Branco,504
371,7369,1,VIÇOSA DO CEARÁ,11,MAX MAPURUNGA,751
372,7370,1,VIÇOSA DO CEARÁ,11,ZÉ FIRMINO,17746
373,7477,1,SÃO GONÇALO DO AMARANTE,11,Nulo,1496
374,7478,1,SÃO GONÇALO DO AMARANTE,11,Branco,495
375,7479,1,SÃO GONÇALO DO AMARANTE,11,ELDER GURGEL,14879
376,7480,1,SÃO GONÇALO DO AMARANTE,11,EDNALDO MARTINS,4722
377,7481,1,SÃO GONÇALO DO AMARANTE,11,PROFESSOR MARCELÃO,15691
378,7482,1,SÃO GONÇALO DO AMARANTE,11,DRA LUCIA BOLSONARO,43
379,7653,1,CAUCAIA,11,RODRIGO SANTAELLA,2224
380,7654,1,CAUCAIA,11,JOAO ARY,1023
381,7655,1,CAUCAIA,11,EMILIA PESSOA,32492
382,7656,1,CAUCAIA,11,NAUMI AMORIM,69262
383,7657,1,CAUCAIA,11,ELMANO DE FREITAS,13018
384,7658,1,CAUCAIA,11,SEBASTIÃO CONRADO,3497
385,7659,1,CAUCAIA,11,Branco,6461
386,7660,1,CAUCAIA,11,Nulo,13458
387,7661,1,CAUCAIA,11,VITOR VALIM,47171
388,7662,1,CAUCAIA,11,PAULO SÉRGIO CORDEIRO,542
389,8158,1,CAMPOS SALES,11,JOÃO LUIZ,8955
390,8159,1,CAMPOS SALES,11,Branco,234
391,8160,1,CAMPOS SALES,11,Nulo,600
392,8161,1,CAMPOS SALES,11,SOLANO FEITOSA,6212
393,8198,1,SALITRE,11,MANINHO,2429
394,8199,1,SALITRE,11,DODO DE NEOCLIDES,8000
395,8200,1,SALITRE,11,Nulo,609
396,8201,1,SALITRE,11,Branco,203
397,8229,1,INDEPENDÊNCIA,11,VALTERLIN,7795
398,8230,1,INDEPENDÊNCIA,11,Branco,207
399,8231,1,INDEPENDÊNCIA,11,Nulo,554
400,8232,1,INDEPENDÊNCIA,11,JULIO BRITO,325
401,8233,1,INDEPENDÊNCIA,11,VALDI COUTINHO,8040
402,8234,1,INDEPENDÊNCIA,11,GUILHERME PORTELA TORRES,629
403,8290,1,IPUEIRAS,11,ROBERTIM DE NOVA FÁTIMA,87
404,8291,1,IPUEIRAS,11,JÚNIOR DO TITICO,12576
405,8292,1,IPUEIRAS,11,Nulo,1000
406,8293,1,IPUEIRAS,11,Branco,239
407,8294,1,IPUEIRAS,11,NENEM DO CAZUZA,10256
408,8295,1,IPUEIRAS,11,MANOEL OTÁVIO,82
409,8365,1,PORANGA,11,CARLOS ANTONIO,3605
410,8366,1,PORANGA,11,Branco,61
411,8367,1,PORANGA,11,ERINEUDA BERNARDO,3040
412,8368,1,PORANGA,11,Nulo,378
413,8369,1,PORANGA,11,SOCORRO MONTEIRO,981
414,8407,1,IRAUÇUBA,11,DRA HELOISA,5402
415,8408,1,IRAUÇUBA,11,Branco,188
416,8409,1,IRAUÇUBA,11,Nulo,649
417,8410,1,IRAUÇUBA,11,PATRÍCIA BARRETO,9165
418,8477,1,ITAPAJÉ,11,Branco,622
419,8478,1,ITAPAJÉ,11,Nulo,1280
420,8479,1,ITAPAJÉ,11,SAVIM,1057
421,8480,1,ITAPAJÉ,11,DIMAS CRUZ,9454
422,8481,1,ITAPAJÉ,11,STELINHA,2002
423,8482,1,ITAPAJÉ,11,DRA. GORETE,17865
424,8483,1,ITAPAJÉ,11,PASTOR DR J MONTEIRO,35
425,8640,1,TEJUÇUOCA,11,Nulo,356
426,8641,1,TEJUÇUOCA,11,HELOIDE ESTEVAM,5174
427,8642,1,TEJUÇUOCA,11,Branco,102
428,8643,1,TEJUÇUOCA,11,BRITINHO,7476
429,8709,1,JUCÁS,11,Nulo,479
430,8710,1,JUCÁS,11,DR ROBERTO,6556
431,8711,1,JUCÁS,11,Branco,166
432,8712,1,JUCÁS,11,EDSONRIVA,8553
433,8713,1,JUCÁS,11,SALES RIBEIRO,204
434,8746,1,CARIÚS,11,ANA MARIA,338
435,8747,1,CARIÚS,11,NATALIA FERREIRA,5479
436,8748,1,CARIÚS,11,Branco,193
437,8749,1,CARIÚS,11,Nulo,412
438,8750,1,CARIÚS,11,WILAMAR PALACIO,6250
439,8800,1,SABOEIRO,11,Nulo,381
440,8801,1,SABOEIRO,11,MARCONDES FERRAZ,3461
441,8802,1,SABOEIRO,11,GOTARDO,2608
442,8803,1,SABOEIRO,11,TONTONHO DO ZÉ DE LIMA,3236
443,8804,1,SABOEIRO,11,Branco,82
444,8805,1,SABOEIRO,11,JOSE FERNANDES,254
445,8852,1,MORRINHOS,11,JERÔNIMO BRANDÃO,6899
446,8853,1,MORRINHOS,11,Nulo,262
447,8854,1,MORRINHOS,11,Branco,128
448,8855,1,MORRINHOS,11,CARLOS BRUNO,6844
449,8856,1,MORRINHOS,11,RÉGIS CARVALHO,1072
450,8911,1,SANTANA DO ACARAÚ,11,MEU DEUS,10187
451,8912,1,SANTANA DO ACARAÚ,11,FABINHO,932
452,8913,1,SANTANA DO ACARAÚ,11,EDLUCIA,9178
453,8914,1,SANTANA DO ACARAÚ,11,Nulo,848
454,8915,1,SANTANA DO ACARAÚ,11,Branco,311
455,9006,1,MASSAPÊ,11,JAMELI OLIVEIRA,153
456,9007,1,MASSAPÊ,11,GERARDIM,291
457,9008,1,MASSAPÊ,11,JACQUES ALBUQUERQUE,8083
458,9009,1,MASSAPÊ,11,ALINE ALBUQUERQUE LORA,10132
459,9010,1,MASSAPÊ,11,Branco,384
460,9011,1,MASSAPÊ,11,Nulo,721
461,9012,1,MASSAPÊ,11,JOÃO PONTES,6450
462,9108,1,SENADOR SÁ,11,Nulo,93
463,9109,1,SENADOR SÁ,11,BEL JUNIOR,3223
464,9110,1,SENADOR SÁ,11,ZÉ MARIA,2287
465,9111,1,SENADOR SÁ,11,KÊBA RAFAEL,33
466,9112,1,SENADOR SÁ,11,Branco,28
467,9138,1,MOMBAÇA,11,DR. TIBÉRIO,149
468,9139,1,MOMBAÇA,11,ORLANDO FILHO,12308
469,9140,1,MOMBAÇA,11,EDUARDO DERECO,11194
470,9141,1,MOMBAÇA,11,Nulo,1118
471,9142,1,MOMBAÇA,11,Branco,317
472,9192,1,MORADA NOVA,11,Branco,748
473,9193,1,MORADA NOVA,11,Nulo,1586
474,9194,1,MORADA NOVA,11,EDINHO,1775
475,9195,1,MORADA NOVA,11,PROFESSORA KÁTIA,536
476,9196,1,MORADA NOVA,11,GLAUBER CASTRO,16810
477,9197,1,MORADA NOVA,11,DOUTOR LUCIANO GIRÃO,1099
478,9198,1,MORADA NOVA,11,WANDERLEY NOGUEIRA,22782
479,9290,1,IBICUITINGA,11,Nulo,266
480,9291,1,IBICUITINGA,11,Branco,87
481,9292,1,IBICUITINGA,11,JÚNIOR GIRÃO,4815
482,9293,1,IBICUITINGA,11,FRANZÉ CARNEIRO,5908
483,9340,1,NOVA RUSSAS,11,GIORDANNA MANO,9929
484,9341,1,NOVA RUSSAS,11,Branco,252
485,9342,1,NOVA RUSSAS,11,DR PEDRO XIMENES,8139
486,9343,1,NOVA RUSSAS,11,Nulo,912
487,9432,1,ARARENDÁ,11,Branco,125
488,9433,1,ARARENDÁ,11,DR. ALEXANDRE FELIX,4610
489,9434,1,ARARENDÁ,11,Nulo,237
490,9435,1,ARARENDÁ,11,DR LUIZ,2358
491,9460,1,PACAJUS,11,Branco,1160
492,9461,1,PACAJUS,11,FAN CUNHA,870
493,9462,1,PACAJUS,11,Nulo,2034
494,9463,1,PACAJUS,11,PAULO PONTES,1587
495,9464,1,PACAJUS,11,JUNIOR CHAVES,14804
496,9465,1,PACAJUS,11,BRUNO FIGUEIREDO,21426
497,9466,1,PACAJUS,11,TEODORICO VEIO MACHO,892
498,9467,1,PACAJUS,11,ROGÉRIO MESQUITA,596
499,9621,1,CHOROZINHO,11,Nulo,388
500,9622,1,CHOROZINHO,11,DR JÚNIOR,10500
501,9623,1,CHOROZINHO,11,CICI,3578
502,9624,1,CHOROZINHO,11,Branco,215
503,9666,1,APUIARÉS,11,Branco,105
504,9667,1,APUIARÉS,11,IRIS,4892
505,9668,1,APUIARÉS,11,Nulo,409
506,9669,1,APUIARÉS,11,ANA RUFINO,4692
507,9704,1,GENERAL SAMPAIO,11,DRA LUCIANA,806
508,9705,1,GENERAL SAMPAIO,11,CHICO CORDEIRO,2987
509,9706,1,GENERAL SAMPAIO,11,ELIENE BRASILEIRO,2723
510,9707,1,GENERAL SAMPAIO,11,Nulo,127
511,9708,1,GENERAL SAMPAIO,11,Branco,47
512,9749,1,PENTECOSTE,11,ILANNA CIRILO,7825
513,9750,1,PENTECOSTE,11,JOÃO BOSCO,8785
514,9751,1,PENTECOSTE,11,Nulo,1180
515,9752,1,PENTECOSTE,11,DANUSIO LOREL,1389
516,9753,1,PENTECOSTE,11,NOBREGA,664
517,9754,1,PENTECOSTE,11,Branco,508
518,9755,1,PENTECOSTE,11,VICENTE DO ZUZA,6274
519,9888,1,ACARAPE,11,Nulo,336
520,9889,1,ACARAPE,11,TIÃO  ACARAPE,16
521,9890,1,ACARAPE,11,DR ALEXANDRE,4061
522,9891,1,ACARAPE,11,EDILBERTO,5789
523,9892,1,ACARAPE,11,Branco,152
524,9954,1,BARREIRA,11,Branco,214
525,9955,1,BARREIRA,11,DRA AUXILIADORA,7604
526,9956,1,BARREIRA,11,ALAILSON SALDANHA,6356
527,9957,1,BARREIRA,11,PROFESSOR BERNARDO,557
528,9958,1,BARREIRA,11,Nulo,593
529,10035,1,REDENÇÃO,11,Nulo,1044
530,10036,1,REDENÇÃO,11,CHICO ANTONIO,597
531,10037,1,REDENÇÃO,11,Branco,455
532,10038,1,REDENÇÃO,11,DAVI BENEVIDES,15047
533,10039,1,REDENÇÃO,11,JADSON FERREIRA,2408
534,10128,1,ALTANEIRA,11,Nulo,153
535,10129,1,ALTANEIRA,11,Branco,46
536,10130,1,ALTANEIRA,11,KESIA,2405
537,10131,1,ALTANEIRA,11,DARIOMAR,2540
538,10153,1,NOVA OLINDA,11,Branco,197
539,10154,1,NOVA OLINDA,11,Nulo,464
540,10155,1,NOVA OLINDA,11,SOCORRO MATOS,3020
541,10156,1,NOVA OLINDA,11,DR ITALO,6400
542,10189,1,SANTANA DO CARIRI,11,Branco,95
543,10190,1,SANTANA DO CARIRI,11,Nulo,406
544,10191,1,SANTANA DO CARIRI,11,DR SAMUEL,4278
545,10192,1,SANTANA DO CARIRI,11,PEDRO HENRIQUE,3324
546,10193,1,SANTANA DO CARIRI,11,VICENTE BRILHANTE,2762
547,10242,1,HIDROLÂNDIA,11,CAPITÃO FARIAS,193
548,10243,1,HIDROLÂNDIA,11,Nulo,519
549,10244,1,HIDROLÂNDIA,11,Branco,215
550,10245,1,HIDROLÂNDIA,11,BOSCO CID,4326
551,10246,1,HIDROLÂNDIA,11,IRIS MARTINS,7259
552,10289,1,SANTA QUITÉRIA,11,BRAGUINHA,12835
553,10290,1,SANTA QUITÉRIA,11,Branco,677
554,10291,1,SANTA QUITÉRIA,11,TOMÁS FIGUEIREDO,12142
555,10292,1,SANTA QUITÉRIA,11,Nulo,1292
556,10363,1,CATUNDA,11,NETO DO POSTO,3085
557,10364,1,CATUNDA,11,Branco,57
558,10365,1,CATUNDA,11,RAVENNA,3844
559,10366,1,CATUNDA,11,Nulo,130
560,10367,1,CATUNDA,11,JOANA DO SINDICATO,202
561,10399,1,SOLONÓPOLE,11,Branco,82
562,10400,1,SOLONÓPOLE,11,Nulo,297
563,10401,1,SOLONÓPOLE,11,ANA VLADIA,6270
564,10402,1,SOLONÓPOLE,11,SIFREDO,5426
565,10453,1,DEPUTADO IRAPUAN PINHEIRO,11,Branco,37
566,10454,1,DEPUTADO IRAPUAN PINHEIRO,11,CLAUDENILTON PINHEIRO,2872
567,10455,1,DEPUTADO IRAPUAN PINHEIRO,11,Nulo,115
568,10456,1,DEPUTADO IRAPUAN PINHEIRO,11,GILDECARLOS,3187
569,10486,1,MILHÃ,11,Nulo,270
570,10487,1,MILHÃ,11,RUTH PINHEIRO,4003
571,10488,1,MILHÃ,11,Branco,75
572,10489,1,MILHÃ,11,ALAN MACÊDO,5152
573,10533,1,PACATUBA,11,DONA SELMA,1431
574,10534,1,PACATUBA,11,DR RENATO CÉLIO,15909
575,10535,1,PACATUBA,11,CARLOMANO MARQUES,20334
576,10536,1,PACATUBA,11,Nulo,2859
577,10537,1,PACATUBA,11,Branco,1653
578,10538,1,PACATUBA,11,JARILSON,567
579,10539,1,PACATUBA,11,ANDRÉ HOLANDA,473
580,10728,1,GUAIÚBA,11,POSSIDONIO,56
581,10729,1,GUAIÚBA,11,Nulo,574
582,10730,1,GUAIÚBA,11,IZABELLA FERNANDES,6198
583,10731,1,GUAIÚBA,11,PAULO GIUSEPPE,141
584,10732,1,GUAIÚBA,11,Branco,168
585,10733,1,GUAIÚBA,11,DR IRAN,4469
586,10734,1,GUAIÚBA,11,MARCELO FRADIQUE,4957
587,10841,1,PEDRA BRANCA,11,JUNIOR DO GILBERTO,2390
588,10842,1,PEDRA BRANCA,11,Nulo,777
589,10843,1,PEDRA BRANCA,11,GOIS,7490
590,10844,1,PEDRA BRANCA,11,PADRE ANTONIO MENEZES,4999
591,10845,1,PEDRA BRANCA,11,DANIELA,4045
592,10846,1,PEDRA BRANCA,11,PEDRO PARAIBANO,6288
593,10847,1,PEDRA BRANCA,11,Branco,303
594,10915,1,ACOPIARA,11,Nulo,1074
595,10916,1,ACOPIARA,11,ANTÔNIO ALMEIDA,15864
596,10917,1,ACOPIARA,11,Branco,401
597,10918,1,ACOPIARA,11,DR VILMAR,15419
598,10982,1,CATARINA,11,DR THIAGO,3728
599,10983,1,CATARINA,11,MACLA,3588
600,10984,1,CATARINA,11,Branco,49
601,10985,1,CATARINA,11,Nulo,222
602,11009,1,TAMBORIL,11,Branco,165
603,11010,1,TAMBORIL,11,RAMIRO JR,189
604,11011,1,TAMBORIL,11,Nulo,523
605,11012,1,TAMBORIL,11,GILBERTO TORRES,511
606,11013,1,TAMBORIL,11,PEDRO CALISTO,7159
607,11014,1,TAMBORIL,11,MARCELO MOTA,9186
608,11086,1,MONSENHOR TABOSA,11,Nulo,315
609,11087,1,MONSENHOR TABOSA,11,Branco,106
610,11088,1,MONSENHOR TABOSA,11,DR FRANCISCO MESQUITA,5321
611,11089,1,MONSENHOR TABOSA,11,SALOMÃO,6571
612,11128,1,VÁRZEA ALEGRE,11,Branco,527
613,11129,1,VÁRZEA ALEGRE,11,ZÉ HELDER,13537
614,11130,1,VÁRZEA ALEGRE,11,Nulo,1142
615,11131,1,VÁRZEA ALEGRE,11,CAPITAO HORIZONTE,1131
616,11132,1,VÁRZEA ALEGRE,11,RIBAMAR DA TOPIC,8293
617,11185,1,GRANJEIRO,11,FABIANO DE RAIMUNDO BRANCO,2317
618,11186,1,GRANJEIRO,11,CHICO CLEMENTINO,2637
619,11187,1,GRANJEIRO,11,Nulo,122
620,11188,1,GRANJEIRO,11,Branco,22
621,11212,1,FARIAS BRITO,11,DEDA,6735
622,11213,1,FARIAS BRITO,11,Nulo,532
623,11214,1,FARIAS BRITO,11,DR. VANDEVELDER,6505
624,11215,1,FARIAS BRITO,11,Branco,116
625,11273,1,BOA VIAGEM,11,REGIS,19507
626,11274,1,BOA VIAGEM,11,ALINE VIEIRA,11928
627,11275,1,BOA VIAGEM,11,Nulo,972
628,11276,1,BOA VIAGEM,11,EDVAN ABREU,520
629,11277,1,BOA VIAGEM,11,Branco,421
630,11322,1,MADALENA,11,Branco,175
631,11323,1,MADALENA,11,EURIVANDO VIEIRA,4464
632,11324,1,MADALENA,11,Nulo,433
633,11325,1,MADALENA,11,SÔNIA COSTA,6304
634,11371,1,COREAÚ,11,RONER,7801
635,11372,1,COREAÚ,11,Branco,150
636,11373,1,COREAÚ,11,EDEZIO SITONIO,8380
637,11374,1,COREAÚ,11,Nulo,415
638,11399,1,MORAÚJO,11,ÁQUILA,3534
639,11400,1,MORAÚJO,11,Nulo,142
640,11401,1,MORAÚJO,11,MOREIRÃO,2957
641,11402,1,MORAÚJO,11,Branco,46
642,11425,1,CARIRÉ,11,ANTONIO MARTINS,8172
643,11426,1,CARIRÉ,11,SGT OLIVANDO,100
644,11427,1,CARIRÉ,11,RÔMULO PONTE,3411
645,11428,1,CARIRÉ,11,Nulo,344
646,11429,1,CARIRÉ,11,Branco,210
647,11463,1,GROAÍRAS,11,Branco,115
648,11464,1,GROAÍRAS,11,ZEILMA MARIA LOIOLA PAIVA,243
649,11465,1,GROAÍRAS,11,Nulo,212
650,11466,1,GROAÍRAS,11,ADAIL MELO,3605
651,11467,1,GROAÍRAS,11,UELITON VASCONCELOS,3220
652,11468,1,GROAÍRAS,11,KAYS,328
653,11506,1,VARJOTA,11,ELMO MONTE,7068
654,11507,1,VARJOTA,11,ROSA PAULINO,6238
655,11508,1,VARJOTA,11,Nulo,348
656,11509,1,VARJOTA,11,Branco,72
657,11560,1,AQUIRAZ,11,Nulo,2155
658,11561,1,AQUIRAZ,11,Branco,1051
659,11562,1,AQUIRAZ,11,DR BRUNO GONÇALVES,25562
660,11563,1,AQUIRAZ,11,EDSON SÁ,21884
661,11676,1,ARACOIABA,11,THIAGO CAMPELO,12113
662,11677,1,ARACOIABA,11,EDIM DA BIL,7900
663,11678,1,ARACOIABA,11,Nulo,633
664,11679,1,ARACOIABA,11,Branco,198
665,11680,1,ARACOIABA,11,TELMO,201
666,11763,1,OCARA,11,DR LEONILDO,9659
667,11764,1,OCARA,11,Nulo,560
668,11765,1,OCARA,11,DR WASHINGTON,399
669,11766,1,OCARA,11,AMALIA,9679
670,11767,1,OCARA,11,Branco,191
671,11848,1,ARARIPE,11,ROBERTO GUEDES,6223
672,11849,1,ARARIPE,11,Nulo,532
673,11850,1,ARARIPE,11,CICERO DE DEUS,6781
674,11851,1,ARARIPE,11,Branco,132
675,11885,1,POTENGI,11,Branco,72
676,11886,1,POTENGI,11,SAMUEL,95
677,11887,1,POTENGI,11,EDSON VERIATO,3457
678,11888,1,POTENGI,11,Nulo,264
679,11889,1,POTENGI,11,ALIZANDRA,2318
680,11933,1,AURORA,11,Branco,129
681,11934,1,AURORA,11,PROFª GLÓRIA MARIA,455
682,11935,1,AURORA,11,MARCONE TAVARES,8400
683,11936,1,AURORA,11,Nulo,519
684,11937,1,AURORA,11,ADAILTON MACEDO,7097
685,11983,1,BREJO SANTO,11,EUSÉBIO FERREIRA,5455
686,11984,1,BREJO SANTO,11,Branco,848
687,11985,1,BREJO SANTO,11,EDMAR JUNIOR,4313
688,11986,1,BREJO SANTO,11,Nulo,1387
689,11987,1,BREJO SANTO,11,GISLAINE LANDIM,15749
690,12053,1,PORTEIRAS,11,Nulo,485
691,12054,1,PORTEIRAS,11,FÁBIO,5647
692,12055,1,PORTEIRAS,11,MUNDINHO INACIO,5259
693,12056,1,PORTEIRAS,11,Branco,113
694,12091,1,PENAFORTE,11,Branco,49
695,12092,1,PENAFORTE,11,Nulo,201
696,12093,1,PENAFORTE,11,DR. RAFAEL,3360
697,12094,1,PENAFORTE,11,LUIS DE CELESTINA,3219
698,12131,1,JATI,11,MONICA MARIANO,3898
699,12132,1,JATI,11,Branco,119
700,12133,1,JATI,11,VILMA DE WILVAN,1562
701,12134,1,JATI,11,Nulo,204
702,12168,1,CARIRIAÇU,11,Nulo,466
703,12169,1,CARIRIAÇU,11,PROF BOSCO MACHADO,118
704,12170,1,CARIRIAÇU,11,KASSYANA FEITOSA,266
705,12171,1,CARIRIAÇU,11,Branco,236
706,12172,1,CARIRIAÇU,11,JOÃO MARCOS,8401
707,12173,1,CARIRIAÇU,11,EDMILSON LEITE,9999
708,12208,1,JAGUARETAMA,11,Nulo,1128
709,12209,1,JAGUARETAMA,11,GLAIRTON CUNHA,10423
710,12210,1,JAGUARETAMA,11,Branco,1111
711,12249,1,JAGUARIBARA,11,DEDÉ,2273
712,12250,1,JAGUARIBARA,11,Branco,114
713,12251,1,JAGUARIBARA,11,JUJU,4677
714,12252,1,JAGUARIBARA,11,Nulo,238
715,12291,1,IBIAPINA,11,LEANDRO LINHARES,6709
716,12292,1,IBIAPINA,11,Branco,246
717,12293,1,IBIAPINA,11,MARCÃO,7024
718,12294,1,IBIAPINA,11,Nulo,525
719,12334,1,UBAJARA,11,RENATO PESSOA,7607
720,12335,1,UBAJARA,11,RENÊ,10392
721,12336,1,UBAJARA,11,Nulo,1374
722,12337,1,UBAJARA,11,Branco,917
723,12395,1,GUARACIABA DO NORTE,11,EGBERTO FILHO,9514
724,12396,1,GUARACIABA DO NORTE,11,Branco,436
725,12397,1,GUARACIABA DO NORTE,11,DR ADAIL MACHADO,13234
726,12398,1,GUARACIABA DO NORTE,11,MARCELO,963
727,12399,1,GUARACIABA DO NORTE,11,Nulo,1085
728,12440,1,CROATÁ,11,EDILSON FELICIANO,5405
729,12441,1,CROATÁ,11,Nulo,289
730,12442,1,CROATÁ,11,Branco,109
731,12443,1,CROATÁ,11,RONILSON OLIVEIRA,5786
732,12488,1,ITAIÇABA,11,FRANK GOMES,3045
733,12489,1,ITAIÇABA,11,Branco,46
734,12490,1,ITAIÇABA,11,DR ERENARCO,2890
735,12491,1,ITAIÇABA,11,Nulo,135
736,12533,1,JAGUARUANA,11,ANA TERESA,10519
737,12534,1,JAGUARUANA,11,KAUÊ PEREIRA,204
738,12535,1,JAGUARUANA,11,ROBERTO DA VIÚVA,12005
739,12536,1,JAGUARUANA,11,Branco,311
740,12537,1,JAGUARUANA,11,Nulo,661
741,12612,1,MAURITI,11,TURICA,143
742,12613,1,MAURITI,11,DR SAVIO MARTINS,10139
743,12614,1,MAURITI,11,Nulo,1316
744,12615,1,MAURITI,11,Branco,312
745,12616,1,MAURITI,11,PROFESSOR FELIZARDO,312
746,12617,1,MAURITI,11,JUNIOR,15715
747,12677,1,HORIZONTE,11,JAIRO JORGE,121
748,12678,1,HORIZONTE,11,MARLON MATOS,374
749,12679,1,HORIZONTE,11,Branco,1021
750,12680,1,HORIZONTE,11,DR ALEXANDRE,16205
751,12681,1,HORIZONTE,11,NEZINHO FARIAS,27349
752,12682,1,HORIZONTE,11,Nulo,2324
753,12683,1,HORIZONTE,11,DR. EDSON NOGUEIRA,147
754,12841,1,ITAITINGA,11,Branco,668
755,12842,1,ITAITINGA,11,Nulo,1289
756,12843,1,ITAITINGA,11,DULCYNARDO,3436
757,12844,1,ITAITINGA,11,PAULO CESAR FEITOSA,14985
758,12845,1,ITAITINGA,11,PAULO RICARDO,4062
759,12957,1,RERIUTABA,11,Branco,112
760,12958,1,RERIUTABA,11,JUSCELINO MAGALHÃES,93
761,12959,1,RERIUTABA,11,Nulo,379
762,12960,1,RERIUTABA,11,OSVALDO NETO,5940
763,12961,1,RERIUTABA,11,PEDRO HUMBERTO,6389
764,13005,1,GRAÇA,11,AUGUSTO BRITO OU BELÔ,4610
765,13006,1,GRAÇA,11,Branco,132
766,13007,1,GRAÇA,11,IRALDICE MÃO CHEIROSA,4646
767,13008,1,GRAÇA,11,Nulo,389
768,13035,1,PACUJÁ,11,Nulo,156
769,13036,1,PACUJÁ,11,ELISÂNGELA AGUIAR,2364
770,13037,1,PACUJÁ,11,Branco,60
771,13038,1,PACUJÁ,11,RAIMUNDO FILHO,2644
772,13060,1,MUCAMBO,11,Branco,104
773,13061,1,MUCAMBO,11,Nulo,234
774,13062,1,MUCAMBO,11,CANARINHO,5797
775,13063,1,MUCAMBO,11,CRIZANTO POVÃO,4027
776,13090,1,TIANGUÁ,11,Nulo,3491
777,13091,1,TIANGUÁ,11,Branco,1867
778,13092,1,TIANGUÁ,11,DR LUIZ,26268
779,13093,1,TIANGUÁ,11,DR DAVID,13243
780,13094,1,TIANGUÁ,11,LUIZ PAIXÃO,215
781,13095,1,TIANGUÁ,11,JOÃO CARLOS,72
782,13210,1,FRECHEIRINHA,11,Nulo,515
783,13211,1,FRECHEIRINHA,11,Branco,107
784,13212,1,FRECHEIRINHA,11,DR CLAUDIO TIBURCIO,4804
785,13213,1,FRECHEIRINHA,11,HELTON LUIS,5339
786,13245,1,BEBERIBE,11,PAULO DINO,13185
787,13246,1,BEBERIBE,11,O CANTADOR,444
788,13247,1,BEBERIBE,11,Branco,736
789,13248,1,BEBERIBE,11,MICHELE QUEIROZ,19697
790,13249,1,BEBERIBE,11,Nulo,1385
791,13250,1,BEBERIBE,11,CESAR COLAÇO,1596
792,13385,1,ALTO SANTO,11,JOENI,6261
793,13386,1,ALTO SANTO,11,IRIS GADELHA,3785
794,13387,1,ALTO SANTO,11,Nulo,271
795,13388,1,ALTO SANTO,11,Branco,107
796,13442,1,POTIRETAMA,11,EUDES,2295
797,13443,1,POTIRETAMA,11,LUAN DANTAS,2755
798,13444,1,POTIRETAMA,11,Nulo,64
799,13445,1,POTIRETAMA,11,Branco,22
800,13473,1,IRACEMA,11,Nulo,345
801,13474,1,IRACEMA,11,RÉGIO DE OTACILIO,3989
802,13475,1,IRACEMA,11,CELSO GOMES,4990
803,13476,1,IRACEMA,11,Branco,94
804,13516,1,EUSÉBIO,11,DR ACILON GONÇALVES,24158
805,13517,1,EUSÉBIO,11,CHICO DO POSTO,6775
806,13518,1,EUSÉBIO,11,DR MAURO,4965
807,13519,1,EUSÉBIO,11,Nulo,2013
808,13520,1,EUSÉBIO,11,Branco,1271
809,13603,1,AMONTADA,11,Nulo,1158
810,13604,1,AMONTADA,11,Branco,349
811,13605,1,AMONTADA,11,DR CLEBERT ALMANACY,712
812,13606,1,AMONTADA,11,FLAVIO FILHO,14696
813,13607,1,AMONTADA,11,JANE LEILA,10628
814,13608,1,AMONTADA,11,DEUSDETE,31
815,13730,1,MIRAÍMA,11,Nulo,256
816,13731,1,MIRAÍMA,11,BETAO,4091
817,13732,1,MIRAÍMA,11,EDNARDO FILHO,5026
818,13733,1,MIRAÍMA,11,CRISTIANO TEIXEIRA,385
819,13734,1,MIRAÍMA,11,Branco,57
820,13766,1,TABULEIRO DO NORTE,11,Nulo,730
821,13767,1,TABULEIRO DO NORTE,11,Branco,566
822,13768,1,TABULEIRO DO NORTE,11,TONA NOGUEIRA,7738
823,13769,1,TABULEIRO DO NORTE,11,DR. RILDSON,11208
824,13823,1,SÃO JOÃO DO JAGUARIBE,11,RAIMUNDO CESAR,3230
825,13824,1,SÃO JOÃO DO JAGUARIBE,11,DR ANTONIO CARLOS,2352
826,13825,1,SÃO JOÃO DO JAGUARIBE,11,Branco,61
827,13826,1,SÃO JOÃO DO JAGUARIBE,11,Nulo,132
828,13855,1,BARRO,11,DR MARQUINÉLIO,6265
829,13856,1,BARRO,11,Branco,131
830,13857,1,BARRO,11,Nulo,453
831,13858,1,BARRO,11,DAMIÃO EPITÁCIO,189
832,13859,1,BARRO,11,GEORGE FEITOSA,6212
833,13910,1,BAIXIO,11,Branco,30
834,13911,1,BAIXIO,11,KACILDA ALENCAR,1895
835,13912,1,BAIXIO,11,Nulo,109
836,13913,1,BAIXIO,11,ZÉ HUMBERTO,2739
837,13941,1,IPAUMIRIM,11,Branco,61
838,13942,1,IPAUMIRIM,11,DR ALMEDINHA,2734
839,13943,1,IPAUMIRIM,11,PUICA,3580
840,13944,1,IPAUMIRIM,11,JOSELBA DINIZ,1011
841,13945,1,IPAUMIRIM,11,PROFESSORA RILMACY,44
842,13946,1,IPAUMIRIM,11,Nulo,218
843,13991,1,BELA CRUZ,11,ADRIANO MARQUES,118
844,13992,1,BELA CRUZ,11,Branco,216
845,13993,1,BELA CRUZ,11,NETIM MORAIS,6837
846,13994,1,BELA CRUZ,11,PROFESSOR FERNANDO,5444
847,13995,1,BELA CRUZ,11,Nulo,598
848,13996,1,BELA CRUZ,11,CACHIMBÃO,3527
849,14076,1,MARCO,11,ROGER AGUIAR,9981
850,14077,1,MARCO,11,BEL DO PAREDÃO,8056
851,14078,1,MARCO,11,Nulo,425
852,14079,1,MARCO,11,Branco,159
853,14080,1,MARCO,11,MARCOS CHAVES,104
854,14135,1,TRAIRI,11,GUSTAVO,18145
855,14136,1,TRAIRI,11,Branco,525
856,14137,1,TRAIRI,11,Nulo,1417
857,14138,1,TRAIRI,11,DR MARCOS PRADO,12749
858,14139,1,TRAIRI,11,MAURO,4120
859,14233,1,ITAREMA,11,Nulo,1151
860,14234,1,ITAREMA,11,Branco,378
861,14235,1,ITAREMA,11,FLÁVIO MONTEIRO,77
862,14236,1,ITAREMA,11,ALEXANDRE COELHO,10964
863,14237,1,ITAREMA,11,ELIZEU MONTEIRO,12658
864,14238,1,ITAREMA,11,LUCIANO FILHO,374
865,14328,1,NOVO ORIENTE,11,NENEN COELHO,9813
866,14329,1,NOVO ORIENTE,11,Nulo,479
867,14330,1,NOVO ORIENTE,11,Branco,195
868,14331,1,NOVO ORIENTE,11,VANALDO MOURA,8888
869,14367,1,QUITERIANÓPOLIS,11,Nulo,634
870,14368,1,QUITERIANÓPOLIS,11,Branco,134
871,14369,1,QUITERIANÓPOLIS,11,DR GUSTAVO,3842
872,14370,1,QUITERIANÓPOLIS,11,DRA PRISCILLA BARRETO,9279
873,14401,1,AIUABA,11,RAMILSON MORAES,6153
874,14402,1,AIUABA,11,Branco,246
875,14403,1,AIUABA,11,Nulo,355
876,14404,1,AIUABA,11,VITOR DO VALMIR,2255
877,14432,1,ARNEIROZ,11,MONTEIRO FILHO,3063
878,14433,1,ARNEIROZ,11,Nulo,183
879,14434,1,ARNEIROZ,11,GIDEONNE FEITOSA,2714
880,14435,1,ARNEIROZ,11,Branco,30
881,14436,1,ARNEIROZ,11,JÚNIOR GUEDES,43
882,14458,1,MARACANAÚ,11,Branco,8297
883,14459,1,MARACANAÚ,11,PROFESSOR CARLOS EDUARDO,1365
884,14460,1,MARACANAÚ,11,Nulo,13867
885,14461,1,MARACANAÚ,11,DANIEL BAIMA,6194
886,14462,1,MARACANAÚ,11,PROF. FRANCISCO MOURA,1631
887,14463,1,MARACANAÚ,11,ROBERTO PESSOA,78859
888,14464,1,MARACANAÚ,11,JULINHO LÍDER DO CAMILO,30713
889,14465,1,MARACANAÚ,11,MARKOS GOMES,137
890,14801,1,CAPISTRANO,11,Nulo,441
891,14802,1,CAPISTRANO,11,ZÉ RENATO,6035
892,14803,1,CAPISTRANO,11,JUNIOR SARAIVA,6274
893,14804,1,CAPISTRANO,11,ABREU DE CAPISTRANO,512
894,14805,1,CAPISTRANO,11,Branco,191
895,14879,1,ARATUBA,11,JOERLY VITOR,3367
896,14880,1,ARATUBA,11,IVAN NETO,2725
897,14881,1,ARATUBA,11,Branco,120
898,14882,1,ARATUBA,11,FURINGA,3323
899,14883,1,ARATUBA,11,Nulo,262
900,14961,1,ITAPIÚNA,11,Nulo,471
901,14962,1,ITAPIÚNA,11,WAUSTON,4611
902,14963,1,ITAPIÚNA,11,Branco,176
903,14964,1,ITAPIÚNA,11,DÁRIO COELHO,5754
904,14965,1,ITAPIÚNA,11,ALBERTIN,2276
905,15011,1,CHAVAL,11,VERINHA VERAS,45
906,15012,1,CHAVAL,11,Nulo,236
907,15013,1,CHAVAL,11,JANALINE PACHECO,3317
908,15014,1,CHAVAL,11,Branco,110
909,15015,1,CHAVAL,11,SEBASTIÃOZINHO,5171
910,15050,1,BARROQUINHA,11,Branco,75
911,15051,1,BARROQUINHA,11,Nulo,261
912,15052,1,BARROQUINHA,11,JAIME VERAS,5658
913,15053,1,BARROQUINHA,11,PROFESSOR ADEMAR,5494
914,15077,1,PARACURU,11,BEIM,12790
915,15078,1,PARACURU,11,DRA EVELINE,5365
916,15079,1,PARACURU,11,BITEM,232
917,15080,1,PARACURU,11,Nulo,1624
918,15081,1,PARACURU,11,Branco,756
919,15082,1,PARACURU,11,MÁRCIO BATISTA,935
920,15083,1,PARACURU,11,KLEBER BANDEIRA,255
921,15084,1,PARACURU,11,DOMENICO DA HOBBY CENTER,3087
922,15246,1,PARAIPABA,11,Branco,313
923,15247,1,PARAIPABA,11,ARIANA AQUINO,12057
924,15248,1,PARAIPABA,11,CLODOALDO,1842
925,15249,1,PARAIPABA,11,DIMITRI,6485
926,15250,1,PARAIPABA,11,Nulo,830
927,15251,1,PARAIPABA,11,DR BRITO,154
928,15364,1,CARIDADE,11,JOAO ANTONIO XEREZ,6528
929,15365,1,CARIDADE,11,Nulo,420
930,15366,1,CARIDADE,11,SIMONE TAVARES,7219
931,15367,1,CARIDADE,11,Branco,135
932,15423,1,PARAMOTI,11,TELVÂNIA BRAZ,2372
933,15424,1,PARAMOTI,11,DR NOGUEIRA,1211
934,15425,1,PARAMOTI,11,Nulo,226
935,15426,1,PARAMOTI,11,EDUARDO,2367
936,15427,1,PARAMOTI,11,ANTÔNIO JOSÉ,2023
937,15428,1,PARAMOTI,11,Branco,86
938,15481,1,JARDIM,11,DR. ANIZIARIO COSTA,8144
939,15482,1,JARDIM,11,CLEA LUZ,7248
940,15483,1,JARDIM,11,JUNIOR COUTINHO,973
941,15484,1,JARDIM,11,Nulo,678
942,15485,1,JARDIM,11,Branco,224
943,15535,1,FORQUILHA,11,Nulo,612
944,15536,1,FORQUILHA,11,GUIDA PRADO,7332
945,15537,1,FORQUILHA,11,Branco,219
946,15538,1,FORQUILHA,11,EDINARDO,7803
